{"cameraMode":{"drawMode":0,"name":"Shaded","section":"Shading Mode"},"sceneLighting":false,"audioPlay":false,"sceneViewState":{"m_AlwaysRefresh":false,"showFog":true,"showSkybox":true,"showFlares":true,"showImageEffects":true,"showParticleSystems":true,"showVisualEffectGraphs":true,"m_FxEnabled":true},"in2DMode":false,"pivot":{"x":1245.324951171875,"y":631.8812255859375,"z":-348.95440673828127},"rotation":{"x":0.0001074428073479794,"y":-0.9987611770629883,"z":0.002999155083671212,"w":0.05009014904499054},"size":0.8621560335159302,"orthographic":false}