{"cameraMode":{"drawMode":0,"name":"Shaded","section":"Shading Mode"},"sceneLighting":false,"audioPlay":false,"sceneViewState":{"m_AlwaysRefresh":false,"showFog":false,"showSkybox":false,"showFlares":false,"showImageEffects":false,"showParticleSystems":false,"showVisualEffectGraphs":true,"m_FxEnabled":true},"in2DMode":false,"pivot":{"x":0.034156978130340579,"y":0.9944685697555542,"z":0.010174185037612915},"rotation":{"x":-0.003732504090294242,"y":0.9889057278633118,"z":-0.1464264988899231,"w":-0.025242675095796586},"size":1.3686861991882325,"orthographic":false}