{"cameraMode":{"drawMode":0,"name":"Shaded","section":"Shading Mode"},"sceneLighting":false,"audioPlay":false,"sceneViewState":{"m_AlwaysRefresh":false,"showFog":false,"showSkybox":false,"showFlares":false,"showImageEffects":false,"showParticleSystems":false,"showVisualEffectGraphs":true,"m_FxEnabled":true},"in2DMode":false,"pivot":{"x":-0.05362069606781006,"y":0.5924162864685059,"z":0.30328160524368288},"rotation":{"x":-0.332717627286911,"y":-0.08166017383337021,"z":0.028877470642328264,"w":-0.9390702843666077},"size":1.0716949701309205,"orthographic":false}