{"cameraMode":{"drawMode":0,"name":"Shaded","section":"Shading Mode"},"sceneLighting":false,"audioPlay":false,"sceneViewState":{"m_AlwaysRefresh":false,"showFog":false,"showSkybox":false,"showFlares":false,"showImageEffects":false,"showParticleSystems":false,"showVisualEffectGraphs":true,"m_FxEnabled":true},"in2DMode":false,"pivot":{"x":0.04537683725357056,"y":0.5939334630966187,"z":0.30365824699401858},"rotation":{"x":-0.1243496835231781,"y":0.7317889928817749,"z":-0.13887229561805726,"w":-0.6555848121643066},"size":1.0725950002670289,"orthographic":false}