{"cameraMode":{"drawMode":0,"name":"Shaded","section":"Shading Mode"},"sceneLighting":false,"audioPlay":false,"sceneViewState":{"m_AlwaysRefresh":false,"showFog":false,"showSkybox":false,"showFlares":false,"showImageEffects":false,"showParticleSystems":false,"showVisualEffectGraphs":true,"m_FxEnabled":true},"in2DMode":false,"pivot":{"x":-0.007161200046539307,"y":1.0239059925079346,"z":-0.05821084976196289},"rotation":{"x":-0.003732504090294242,"y":0.9889057278633118,"z":-0.1464264988899231,"w":-0.025242675095796586},"size":1.2387707233428956,"orthographic":false}