{"cameraMode":{"drawMode":0,"name":"Shaded","section":"Shading Mode"},"sceneLighting":false,"audioPlay":false,"sceneViewState":{"m_AlwaysRefresh":false,"showFog":false,"showSkybox":false,"showFlares":false,"showImageEffects":false,"showParticleSystems":false,"showVisualEffectGraphs":true,"m_FxEnabled":true},"in2DMode":false,"pivot":{"x":-0.011637941002845765,"y":1.027435302734375,"z":-0.057598061859607699},"rotation":{"x":-0.004437517374753952,"y":0.9894009828567505,"z":-0.1419535130262375,"w":-0.03120051510632038},"size":1.287245750427246,"orthographic":false}